"Cement (component 1)(kg in a m^3 mixture)","Blast Furnace Slag (component 2)(kg in a m^3 mixture)","Fly Ash (component 3)(kg in a m^3 mixture)","Water  (component 4)(kg in a m^3 mixture)","Superplasticizer (component 5)(kg in a m^3 mixture)","Coarse Aggregate  (component 6)(kg in a m^3 mixture)","Fine Aggregate (component 7)(kg in a m^3 mixture)","Age (day)","Concrete compressive strength(MPa, megapascals) "
540,0,0,162,2.5,1040,676,28,79.986110760000003
540,0,0,162,2.5,1055,676,28,61.887365759999995
332.5,142.5,0,228,0,932,594,270,40.269535256000005
332.5,142.5,0,228,0,932,594,365,41.052779992
198.6,132.40000000000001,0,192,0,978.4,825.5,360,44.296075096000003
266,114,0,228,0,932,670,90,47.029847436000005
380,95,0,228,0,932,594,365,43.698299404
380,95,0,228,0,932,594,28,36.447769788000003
266,114,0,228,0,932,670,28,45.854290856
475,0,0,228,0,932,594,28,39.28978986
198.6,132.40000000000001,0,192,0,978.4,825.5,90,38.074243671999995
198.6,132.40000000000001,0,192,0,978.4,825.5,28,28.021683592
427.5,47.5,0,228,0,932,594,270,43.01296026
190,190,0,228,0,932,670,90,42.32693164
304,76,0,228,0,932,670,28,47.813781648000003
380,0,0,228,0,932,670,90,52.908319811999995
139.6,209.40000000000001,0,192,0,1047,806.9,90,39.358047983999996
342,38,0,228,0,932,670,365,56.141962252
380,95,0,228,0,932,594,90,40.563252031999995
475,0,0,228,0,932,594,180,42.620648416000002
427.5,47.5,0,228,0,932,594,180,41.836714203999997
139.6,209.40000000000001,0,192,0,1047,806.9,28,28.23748958
139.6,209.40000000000001,0,192,0,1047,806.9,3,8.063421820000001
139.6,209.40000000000001,0,192,0,1047,806.9,180,44.207822168
380,0,0,228,0,932,670,365,52.516697443999995
380,0,0,228,0,932,670,270,53.300631656000001
380,95,0,228,0,932,594,270,41.15137506
342,38,0,228,0,932,670,180,52.1243856
427.5,47.5,0,228,0,932,594,28,37.427515183999994
475,0,0,228,0,932,594,7,38.60376124
304,76,0,228,0,932,670,365,55.260122448
266,114,0,228,0,932,670,365,52.908319811999995
198.6,132.40000000000001,0,192,0,978.4,825.5,180,41.719503284
475,0,0,228,0,932,594,270,42.131120456
190,190,0,228,0,932,670,365,53.692254023999994
237.5,237.5,0,228,0,932,594,270,38.407950056000005
237.5,237.5,0,228,0,932,594,28,30.079769451999998
332.5,142.5,0,228,0,932,594,90,37.721921436000003
475,0,0,228,0,932,594,90,42.229026048000002
237.5,237.5,0,228,0,932,594,180,36.251958603999996
342,38,0,228,0,932,670,90,50.459301060000002
427.5,47.5,0,228,0,932,594,365,43.698299404
237.5,237.5,0,228,0,932,594,365,38.995383608
380,0,0,228,0,932,670,180,53.104130996000003
427.5,47.5,0,228,0,932,594,90,41.542997428
427.5,47.5,0,228,0,932,594,7,35.076402024
349,0,0,192,0,1047,806.9,3,15.049192651999999
380,95,0,228,0,932,594,180,40.759063216000002
237.5,237.5,0,228,0,932,594,7,26.258003984
380,95,0,228,0,932,594,7,32.823194456000004
332.5,142.5,0,228,0,932,594,180,39.779317819999996
190,190,0,228,0,932,670,180,46.931941843999994
237.5,237.5,0,228,0,932,594,90,33.116911232
304,76,0,228,0,932,670,90,49.185149411999995
139.6,209.40000000000001,0,192,0,1047,806.9,7,14.589312159999999
198.6,132.40000000000001,0,192,0,978.4,825.5,7,14.638264955999999
475,0,0,228,0,932,594,365,41.934619796
198.6,132.40000000000001,0,192,0,978.4,825.5,3,9.131420144
304,76,0,228,0,932,670,180,50.94882902
332.5,142.5,0,228,0,932,594,28,33.019005639999997
304,76,0,228,0,932,670,270,54.378282643999996
266,114,0,228,0,932,670,270,51.732763231999997
310,0,0,192,0,971,850.60000000000003,3,9.86640156
190,190,0,228,0,932,670,270,50.655112243999995
266,114,0,228,0,932,670,180,48.695621452
342,38,0,228,0,932,670,270,55.064311264
139.6,209.40000000000001,0,192,0,1047,806.9,360,44.698039603999995
332.5,142.5,0,228,0,932,594,7,30.275580636000001
190,190,0,228,0,932,670,28,40.856968808
485,0,0,146,0,1120,800,28,71.98818916000001
374,189.2,0,170.1,10.1,926.10000000000003,756.7000000000001,3,34.397957640000002
313.30000000000002,262.2,0,175.5,8.6,1046.9000000000001,611.8,3,28.799412520000001
425,106.3,0,153.5,16.5,852.10000000000003,887.10000000000003,3,33.398217439999997
425,106.3,0,151.40000000000001,18.600000000000002,936,803.7000000000001,3,36.3009114
375,93.8,0,126.6,23.4,852.10000000000003,992.60000000000003,3,28.99936056
475,118.8,0,181.1,8.900000000000001,852.10000000000003,781.5,3,37.797074320000001
469,117.20000000000001,0,137.80000000000002,32.200000000000003,852.10000000000003,840.5,3,40.196450800000001
425,106.3,0,153.5,16.5,852.10000000000003,887.10000000000003,3,33.398217439999997
388.60000000000003,97.1,0,157.90000000000001,12.1,852.10000000000003,925.7000000000001,3,28.096147
531.3,0,0,141.80000000000002,28.2,852.10000000000003,893.7000000000001,3,41.299612400000001
425,106.3,0,153.5,16.5,852.10000000000003,887.10000000000003,3,33.398217439999997
318.80000000000002,212.5,0,155.7,14.300000000000001,852.10000000000003,880.4,3,25.2003478
401.80000000000002,94.700000000000003,0,147.40000000000001,11.400000000000001,946.8,852.10000000000003,3,41.09966436
362.60000000000003,189,0,164.90000000000001,11.6,944.7000000000001,755.8,3,35.3011712
323.7,282.80000000000002,0,183.80000000000002,10.300000000000001,942.7000000000001,659.9,3,28.296095039999998
379.5,151.2,0,153.90000000000001,15.900000000000001,1134.3,605,3,28.599464479999999
362.60000000000003,189,0,164.90000000000001,11.6,944.7000000000001,755.8,3,35.3011712
286.30000000000002,200.90000000000001,0,144.7,11.2,1004.6000000000001,803.7000000000001,3,24.400555640000001
362.60000000000003,189,0,164.90000000000001,11.6,944.7000000000001,755.8,3,35.3011712
439,177,0,186,11.1,884.9,707.9,3,39.300132
389.9,189,0,145.90000000000001,22,944.7000000000001,755.8,3,40.59634688
362.60000000000003,189,0,164.90000000000001,11.6,944.7000000000001,755.8,3,35.3011712
337.9,189,0,174.90000000000001,9.5,944.7000000000001,755.8,3,24.0971862
374,189.2,0,170.1,10.1,926.10000000000003,756.7000000000001,7,46.20178676
313.30000000000002,262.2,0,175.5,8.6,1046.9000000000001,611.8,7,42.79577532
425,106.3,0,153.5,16.5,852.10000000000003,887.10000000000003,7,49.20100736
425,106.3,0,151.40000000000001,18.600000000000002,936,803.7000000000001,7,46.80163088
375,93.8,0,126.6,23.4,852.10000000000003,992.60000000000003,7,45.69846928
475,118.8,0,181.1,8.900000000000001,852.10000000000003,781.5,7,55.59934464
469,117.20000000000001,0,137.80000000000002,32.200000000000003,852.10000000000003,840.5,7,54.896079119999997
425,106.3,0,153.5,16.5,852.10000000000003,887.10000000000003,7,49.20100736
388.60000000000003,97.1,0,157.90000000000001,12.1,852.10000000000003,925.7000000000001,7,34.901275120000002
531.3,0,0,141.80000000000002,28.2,852.10000000000003,893.7000000000001,7,46.89815752
425,106.3,0,153.5,16.5,852.10000000000003,887.10000000000003,7,49.20100736
318.80000000000002,212.5,0,155.7,14.300000000000001,852.10000000000003,880.4,7,33.398217439999997
401.80000000000002,94.700000000000003,0,147.40000000000001,11.400000000000001,946.8,852.10000000000003,7,54.096286960000001
362.60000000000003,189,0,164.90000000000001,11.6,944.7000000000001,755.8,7,55.895819320000002
323.7,282.80000000000002,0,183.80000000000002,10.300000000000001,942.7000000000001,659.9,7,49.80085148
379.5,151.2,0,153.90000000000001,15.900000000000001,1134.3,605,7,47.098105560000001
362.60000000000003,189,0,164.90000000000001,11.6,944.7000000000001,755.8,7,55.895819320000002
286.30000000000002,200.90000000000001,0,144.7,11.2,1004.6000000000001,803.7000000000001,7,37.997022359999996
362.60000000000003,189,0,164.90000000000001,11.6,944.7000000000001,755.8,7,55.895819320000002
439,177,0,186,11.1,884.9,707.9,7,56.095767359999997
389.9,189,0,145.90000000000001,22,944.7000000000001,755.8,7,59.09498796
362.60000000000003,189,0,164.90000000000001,11.6,944.7000000000001,755.8,7,22.89749796
337.9,189,0,174.90000000000001,9.5,944.7000000000001,755.8,7,35.101223159999997
374,189.2,0,170.1,10.1,926.10000000000003,756.7000000000001,28,61.094468360000001
313.30000000000002,262.2,0,175.5,8.6,1046.9000000000001,611.8,28,59.79825348
425,106.3,0,153.5,16.5,852.10000000000003,887.10000000000003,28,60.2946762
425,106.3,0,151.40000000000001,18.600000000000002,936,803.7000000000001,28,61.797733879999996
375,93.8,0,126.6,23.4,852.10000000000003,992.60000000000003,28,56.69561148
475,118.8,0,181.1,8.900000000000001,852.10000000000003,781.5,28,68.29949256000001
469,117.20000000000001,0,137.80000000000002,32.200000000000003,852.10000000000003,840.5,28,66.89985628
425,106.3,0,153.5,16.5,852.10000000000003,887.10000000000003,28,60.2946762
388.60000000000003,97.1,0,157.90000000000001,12.1,852.10000000000003,925.7000000000001,28,50.697170280000002
531.3,0,0,141.80000000000002,28.2,852.10000000000003,893.7000000000001,28,56.399136800000001
425,106.3,0,153.5,16.5,852.10000000000003,887.10000000000003,28,60.2946762
318.80000000000002,212.5,0,155.7,14.300000000000001,852.10000000000003,880.4,28,55.495923239999997
401.80000000000002,94.700000000000003,0,147.40000000000001,11.400000000000001,946.8,852.10000000000003,28,68.4994406
362.60000000000003,189,0,164.90000000000001,11.6,944.7000000000001,755.8,28,71.298713159999992
323.7,282.80000000000002,0,183.80000000000002,10.300000000000001,942.7000000000001,659.9,28,74.69782984
379.5,151.2,0,153.90000000000001,15.900000000000001,1134.3,605,28,52.20022796
362.60000000000003,189,0,164.90000000000001,11.6,944.7000000000001,755.8,28,71.298713159999992
286.30000000000002,200.90000000000001,0,144.7,11.2,1004.6000000000001,803.7000000000001,28,67.69964844000001
362.60000000000003,189,0,164.90000000000001,11.6,944.7000000000001,755.8,28,71.298713159999992
439,177,0,186,11.1,884.9,707.9,28,65.99664272
389.9,189,0,145.90000000000001,22,944.7000000000001,755.8,28,74.497881800000002
362.60000000000003,189,0,164.90000000000001,11.6,944.7000000000001,755.8,28,71.298713159999992
337.9,189,0,174.90000000000001,9.5,944.7000000000001,755.8,28,49.89737812
374,189.2,0,170.1,10.1,926.10000000000003,756.7000000000001,56,63.397318200000001
313.30000000000002,262.2,0,175.5,8.6,1046.9000000000001,611.8,56,64.90037588
425,106.3,0,153.5,16.5,852.10000000000003,887.10000000000003,56,64.30053176
425,106.3,0,151.40000000000001,18.600000000000002,936,803.7000000000001,56,64.90037588
375,93.8,0,126.6,23.4,852.10000000000003,992.60000000000003,56,60.19814956
475,118.8,0,181.1,8.900000000000001,852.10000000000003,781.5,56,72.29845336
469,117.20000000000001,0,137.80000000000002,32.200000000000003,852.10000000000003,840.5,56,69.29923276
425,106.3,0,153.5,16.5,852.10000000000003,887.10000000000003,56,64.30053176
388.60000000000003,97.1,0,157.90000000000001,12.1,852.10000000000003,925.7000000000001,56,55.199448560000001
531.3,0,0,141.80000000000002,28.2,852.10000000000003,893.7000000000001,56,58.798513279999995
425,106.3,0,153.5,16.5,852.10000000000003,887.10000000000003,56,64.30053176
318.80000000000002,212.5,0,155.7,14.300000000000001,852.10000000000003,880.4,56,66.10006412
401.80000000000002,94.700000000000003,0,147.40000000000001,11.400000000000001,946.8,852.10000000000003,56,73.698089639999993
362.60000000000003,189,0,164.90000000000001,11.6,944.7000000000001,755.8,56,77.29715436
323.7,282.80000000000002,0,183.80000000000002,10.300000000000001,942.7000000000001,659.9,56,80.199848320000001
379.5,151.2,0,153.90000000000001,15.900000000000001,1134.3,605,56,54.896079119999997
362.60000000000003,189,0,164.90000000000001,11.6,944.7000000000001,755.8,56,77.29715436
286.30000000000002,200.90000000000001,0,144.7,11.2,1004.6000000000001,803.7000000000001,56,72.99482412000001
362.60000000000003,189,0,164.90000000000001,11.6,944.7000000000001,755.8,56,77.29715436
439,177,0,186,11.1,884.9,707.9,56,71.69860924
389.9,189,0,145.90000000000001,22,944.7000000000001,755.8,56,79.400056159999992
362.60000000000003,189,0,164.90000000000001,11.6,944.7000000000001,755.8,56,77.29715436
337.9,189,0,174.90000000000001,9.5,944.7000000000001,755.8,56,59.894780120000001
374,189.2,0,170.1,10.1,926.10000000000003,756.7000000000001,91,64.90037588
313.30000000000002,262.2,0,175.5,8.6,1046.9000000000001,611.8,91,66.59648684
425,106.3,0,153.5,16.5,852.10000000000003,887.10000000000003,91,65.196850560000002
425,106.3,0,151.40000000000001,18.600000000000002,936,803.7000000000001,91,66.69990824
375,93.8,0,126.6,23.4,852.10000000000003,992.60000000000003,91,62.5009994
475,118.8,0,181.1,8.900000000000001,852.10000000000003,781.5,91,74.19451236000001
469,117.20000000000001,0,137.80000000000002,32.200000000000003,852.10000000000003,840.5,91,70.698869039999992
425,106.3,0,153.5,16.5,852.10000000000003,887.10000000000003,91,65.196850560000002
388.60000000000003,97.1,0,157.90000000000001,12.1,852.10000000000003,925.7000000000001,91,57.598825040000002
531.3,0,0,141.80000000000002,28.2,852.10000000000003,893.7000000000001,91,59.19840936
425,106.3,0,153.5,16.5,852.10000000000003,887.10000000000003,91,65.196850560000002
318.80000000000002,212.5,0,155.7,14.300000000000001,852.10000000000003,880.4,91,68.09954452
401.80000000000002,94.700000000000003,0,147.40000000000001,11.400000000000001,946.8,852.10000000000003,91,75.497621999999993
362.60000000000003,189,0,164.90000000000001,11.6,944.7000000000001,755.8,91,79.29663476000001
379.5,151.2,0,153.90000000000001,15.900000000000001,1134.3,605,91,56.495663440000002
362.60000000000003,189,0,164.90000000000001,11.6,944.7000000000001,755.8,91,79.29663476000001
286.30000000000002,200.90000000000001,0,144.7,11.2,1004.6000000000001,803.7000000000001,91,76.80073164
362.60000000000003,189,0,164.90000000000001,11.6,944.7000000000001,755.8,91,79.29663476000001
439,177,0,186,11.1,884.9,707.9,91,73.298193560000002
389.9,189,0,145.90000000000001,22,944.7000000000001,755.8,91,82.599224800000002
362.60000000000003,189,0,164.90000000000001,11.6,944.7000000000001,755.8,91,79.29663476000001
337.9,189,0,174.90000000000001,9.5,944.7000000000001,755.8,91,67.79617508
222.36000000000002,0,96.670000000000002,189.29,4.46,967.08000000000005,870.3200000000001,3,11.57630204
222.36000000000002,0,96.670000000000002,189.29,4.46,967.08000000000005,870.3200000000001,14,24.448818960000001
222.36000000000002,0,96.670000000000002,189.29,4.46,967.08000000000005,870.3200000000001,28,24.890083600000001
222.36000000000002,0,96.670000000000002,189.29,4.46,967.08000000000005,870.3200000000001,56,29.447519959999998
222.36000000000002,0,96.670000000000002,189.29,4.46,967.08000000000005,870.3200000000001,100,40.7135578
233.81000000000001,0,94.58,197.89,4.5670000000000002,947.04,852.16,3,10.38350856
233.81000000000001,0,94.58,197.89,4.5670000000000002,947.04,852.16,14,22.13907436
233.81000000000001,0,94.58,197.89,4.5670000000000002,947.04,852.16,28,22.83544512
233.81000000000001,0,94.58,197.89,4.5670000000000002,947.04,852.16,56,27.66177712
233.81000000000001,0,94.58,197.89,4.5670000000000002,947.04,852.16,100,34.556537120000002
194.68000000000001,0,100.52,165.62000000000001,7.4800000000000005,1006.4,905.9,3,12.451936560000001
194.68000000000001,0,100.52,165.62000000000001,7.4800000000000005,1006.4,905.9,14,24.986610239999998
194.68000000000001,0,100.52,165.62000000000001,7.4800000000000005,1006.4,905.9,28,25.724349560000001
194.68000000000001,0,100.52,165.62000000000001,7.4800000000000005,1006.4,905.9,56,33.963587759999996
194.68000000000001,0,100.52,165.62000000000001,7.4800000000000005,1006.4,905.9,100,37.34202016
190.68000000000001,0,125.40000000000001,162.14,7.77,1090,804.01,3,15.04436632
190.68000000000001,0,125.40000000000001,162.14,7.77,1090,804.01,14,21.063491799999998
190.68000000000001,0,125.40000000000001,162.14,7.77,1090,804.01,28,26.40003604
190.68000000000001,0,125.40000000000001,162.14,7.77,1090,804.01,56,35.342539760000002
190.68000000000001,0,125.40000000000001,162.14,7.77,1090,804.01,100,40.56876784
212.07,0,121.62000000000001,180.31000000000001,5.6900000000000004,1057.6,779.3200000000001,3,12.47262084
212.07,0,121.62000000000001,180.31000000000001,5.6900000000000004,1057.6,779.3200000000001,14,20.918701840000001
212.07,0,121.62000000000001,180.31000000000001,5.6900000000000004,1057.6,779.3200000000001,28,24.903873120000001
212.07,0,121.62000000000001,180.31000000000001,5.6900000000000004,1057.6,779.3200000000001,56,34.204904360000001
212.07,0,121.62000000000001,180.31000000000001,5.6900000000000004,1057.6,779.3200000000001,100,39.6103962
229.97,0,118.31000000000001,195.47,4.63,1029.4000000000001,758.59000000000004,3,10.0318758
229.97,0,118.31000000000001,195.47,4.63,1029.4000000000001,758.59000000000004,14,20.084435880000001
229.97,0,118.31000000000001,195.47,4.63,1029.4000000000001,758.59000000000004,28,24.483292759999998
229.97,0,118.31000000000001,195.47,4.63,1029.4000000000001,758.59000000000004,56,31.53663224
229.97,0,118.31000000000001,195.47,4.63,1029.4000000000001,758.59000000000004,100,35.342539760000002
190.34000000000001,0,125.18000000000001,161.85,9.880000000000001,1088.1,802.59000000000004,3,9.4458212
190.34000000000001,0,125.18000000000001,161.85,9.880000000000001,1088.1,802.59000000000004,14,22.718234199999998
190.34000000000001,0,125.18000000000001,161.85,9.880000000000001,1088.1,802.59000000000004,28,28.468464040000001
190.34000000000001,0,125.18000000000001,161.85,9.880000000000001,1088.1,802.59000000000004,56,38.562392680000003
190.34000000000001,0,125.18000000000001,161.85,9.880000000000001,1088.1,802.59000000000004,100,40.389504080000002
166.09000000000001,0,163.27000000000002,176.46000000000001,4.4900000000000003,1058.6,780.09000000000004,3,10.76272036
166.09000000000001,0,163.27000000000002,176.46000000000001,4.4900000000000003,1058.6,780.09000000000004,14,25.48303296
166.09000000000001,0,163.27000000000002,176.46000000000001,4.4900000000000003,1058.6,780.09000000000004,28,21.53923024
166.09000000000001,0,163.27000000000002,176.46000000000001,4.4900000000000003,1058.6,780.09000000000004,56,28.627043520000001
166.09000000000001,0,163.27000000000002,176.46000000000001,4.4900000000000003,1058.6,780.09000000000004,100,33.543007400000001
167.95,42.08,163.83000000000002,121.75,5.72,1058.7000000000001,780.11000000000002,3,7.74971024
167.95,42.08,163.83000000000002,121.75,5.72,1058.7000000000001,780.11000000000002,14,17.8229546
167.95,42.08,163.83000000000002,121.75,5.72,1058.7000000000001,780.11000000000002,28,24.241976160000001
167.95,42.08,163.83000000000002,121.75,5.72,1058.7000000000001,780.11000000000002,56,32.853531400000002
167.95,42.08,163.83000000000002,121.75,5.72,1058.7000000000001,780.11000000000002,100,39.2311844
213.72,98.05,24.510000000000002,181.71000000000001,6.8600000000000004,1065.8,785.38,3,17.9953236
213.72,98.05,24.510000000000002,181.71000000000001,6.8600000000000004,1065.8,785.38,14,30.38520732
213.72,98.05,24.510000000000002,181.71000000000001,6.8600000000000004,1065.8,785.38,28,45.70536404
213.72,98.05,24.510000000000002,181.71000000000001,6.8600000000000004,1065.8,785.38,56,50.77301264
213.72,98.05,24.510000000000002,181.71000000000001,6.8600000000000004,1065.8,785.38,100,53.90323368
213.76,98.060000000000003,24.52,181.74000000000001,6.6500000000000004,1066,785.52,3,13.18278112
213.76,98.060000000000003,24.52,181.74000000000001,6.6500000000000004,1066,785.52,14,17.83674412
213.76,98.060000000000003,24.52,181.74000000000001,6.6500000000000004,1066,785.52,28,40.230924600000002
213.76,98.060000000000003,24.52,181.74000000000001,6.6500000000000004,1066,785.52,56,47.132579360000002
213.76,98.060000000000003,24.52,181.74000000000001,6.6500000000000004,1066,785.52,100,49.973220479999995
229.68000000000001,0,118.16,195.23,6.13,1028.1,757.63,3,13.35515012
229.68000000000001,0,118.16,195.23,6.13,1028.1,757.63,14,22.31833812
229.68000000000001,0,118.16,195.23,6.13,1028.1,757.63,28,24.53845084
229.68000000000001,0,118.16,195.23,6.13,1028.1,757.63,56,31.350473720000001
229.68000000000001,0,118.16,195.23,6.13,1028.1,757.63,100,40.858347760000001
238.05000000000002,0,94.11,186.66,7,949.91,847.01,3,19.93275116
238.05000000000002,0,94.11,186.66,7,949.91,847.01,14,25.68987576
238.05000000000002,0,94.11,186.66,7,949.91,847.01,28,30.233522600000001
238.05000000000002,0,94.11,186.66,7,949.91,847.01,56,39.58971192
238.05000000000002,0,94.11,186.66,7,949.91,847.01,100,44.298833000000002
250,0,95.69,187.42,5.5300000000000003,956.86000000000002,861.17,3,13.817099039999999
250,0,95.69,187.42,5.5300000000000003,956.86000000000002,861.17,14,24.91766264
250,0,95.69,187.42,5.5300000000000003,956.86000000000002,861.17,28,29.21999288
250,0,95.69,187.42,5.5300000000000003,956.86000000000002,861.17,56,38.32797084
250,0,95.69,187.42,5.5300000000000003,956.86000000000002,861.17,100,42.347615919999996
212.52000000000002,0,100.37000000000001,159.32,8.710000000000001,1007.8,903.59000000000004,3,13.541308640000001
212.52000000000002,0,100.37000000000001,159.32,8.710000000000001,1007.8,903.59000000000004,14,26.310404159999998
212.52000000000002,0,100.37000000000001,159.32,8.710000000000001,1007.8,903.59000000000004,28,31.640053639999998
212.52000000000002,0,100.37000000000001,159.32,8.710000000000001,1007.8,903.59000000000004,56,42.54756396
212.52000000000002,0,100.37000000000001,159.32,8.710000000000001,1007.8,903.59000000000004,100,42.919881
212.57,0,100.39000000000001,159.35,10.37,1003.8,903.79,3,13.334465840000001
212.57,0,100.39000000000001,159.35,10.37,1003.8,903.79,14,25.3727168
212.57,0,100.39000000000001,159.35,10.37,1003.8,903.79,28,37.404073
212.57,0,100.39000000000001,159.35,10.37,1003.8,903.79,56,44.395359639999996
212.57,0,100.39000000000001,159.35,10.37,1003.8,903.79,100,47.739318239999996
212,0,124.78000000000001,159,7.84,1085.4000000000001,799.54,3,19.519065559999998
212,0,124.78000000000001,159,7.84,1085.4000000000001,799.54,14,31.350473720000001
212,0,124.78000000000001,159,7.84,1085.4000000000001,799.54,28,38.500339839999996
212,0,124.78000000000001,159,7.84,1085.4000000000001,799.54,56,45.084835640000002
212,0,124.78000000000001,159,7.84,1085.4000000000001,799.54,100,47.8151606
231.75,0,121.62000000000001,173.96000000000001,6.72,1056.4000000000001,778.4500000000001,3,15.43736764
231.75,0,121.62000000000001,173.96000000000001,6.72,1056.4000000000001,778.4500000000001,14,26.77235308
231.75,0,121.62000000000001,173.96000000000001,6.72,1056.4000000000001,778.4500000000001,28,33.72916592
231.75,0,121.62000000000001,173.96000000000001,6.72,1056.4000000000001,778.4500000000001,56,42.69924868
231.75,0,121.62000000000001,173.96000000000001,6.72,1056.4000000000001,778.4500000000001,100,45.836364480000001
251.37000000000001,0,118.27,188.45,5.75,1028.4000000000001,757.73000000000002,3,17.22311048
251.37000000000001,0,118.27,188.45,5.75,1028.4000000000001,757.73000000000002,14,29.93015316
251.37000000000001,0,118.27,188.45,5.75,1028.4000000000001,757.73000000000002,28,29.654362759999998
251.37000000000001,0,118.27,188.45,5.75,1028.4000000000001,757.73000000000002,56,36.96970312
251.37000000000001,0,118.27,188.45,5.75,1028.4000000000001,757.73000000000002,100,43.58177796
251.37000000000001,0,118.27,188.45,6.35,1028.4000000000001,757.73000000000002,3,13.12072828
251.37000000000001,0,118.27,188.45,6.35,1028.4000000000001,757.73000000000002,14,24.42813468
251.37000000000001,0,118.27,188.45,6.35,1028.4000000000001,757.73000000000002,28,32.660478120000001
251.37000000000001,0,118.27,188.45,6.35,1028.4000000000001,757.73000000000002,56,36.638754640000002
251.37000000000001,0,118.27,188.45,6.35,1028.4000000000001,757.73000000000002,100,44.209201119999996
181.38,0,167.01,169.59000000000001,7.56,1055.6,777.8,3,13.62404576
181.38,0,167.01,169.59000000000001,7.56,1055.6,777.8,14,21.601283079999999
181.38,0,167.01,169.59000000000001,7.56,1055.6,777.8,28,27.77209328
181.38,0,167.01,169.59000000000001,7.56,1055.6,777.8,56,35.570066839999996
181.38,0,167.01,169.59000000000001,7.56,1055.6,777.8,100,45.367520800000002
182.04,45.210000000000001,121.97,170.21000000000001,8.19,1059.4000000000001,780.65,3,7.3153403599999996
182.04,45.210000000000001,121.97,170.21000000000001,8.19,1059.4000000000001,780.65,14,21.504756439999998
182.04,45.210000000000001,121.97,170.21000000000001,8.19,1059.4000000000001,780.65,28,31.2677366
182.04,45.210000000000001,121.97,170.21000000000001,8.19,1059.4000000000001,780.65,56,43.49904084
182.04,45.210000000000001,121.97,170.21000000000001,8.19,1059.4000000000001,780.65,100,48.67011084
168.88,42.22,124.25,158.33000000000002,10.830000000000001,1080.8,796.15,3,7.3980774799999996
168.88,42.22,124.25,158.33000000000002,10.830000000000001,1080.8,796.15,14,23.5111316
168.88,42.22,124.25,158.33000000000002,10.830000000000001,1080.8,796.15,28,31.116051880000001
168.88,42.22,124.25,158.33000000000002,10.830000000000001,1080.8,796.15,56,39.14844728
168.88,42.22,124.25,158.33000000000002,10.830000000000001,1080.8,796.15,100,48.15300384
290.35000000000003,0,96.18000000000001,168.08000000000002,9.410000000000001,961.18,865,3,22.50449664
290.35000000000003,0,96.18000000000001,168.08000000000002,9.410000000000001,961.18,865,14,34.67374804
290.35000000000003,0,96.18000000000001,168.08000000000002,9.410000000000001,961.18,865,28,34.73580088
290.35000000000003,0,96.18000000000001,168.08000000000002,9.410000000000001,961.18,865,56,45.084835640000002
290.35000000000003,0,96.18000000000001,168.08000000000002,9.410000000000001,961.18,865,100,48.97348028
277.05000000000002,0,97.390000000000001,160.6,11.830000000000001,973.9,875.61000000000002,3,23.138814560000001
277.05000000000002,0,97.390000000000001,160.6,11.830000000000001,973.9,875.61000000000002,14,41.885667
277.05000000000002,0,97.390000000000001,160.6,11.830000000000001,973.9,875.61000000000002,28,48.28400428
277.05000000000002,0,97.390000000000001,160.6,11.830000000000001,973.9,875.61000000000002,56,51.03501352
277.05000000000002,0,97.390000000000001,160.6,11.830000000000001,973.9,875.61000000000002,100,55.640713200000001
295.71,0,95.640000000000001,171.54,8.87,955.14,859.2000000000001,3,22.94576128
295.71,0,95.640000000000001,171.54,8.87,955.14,859.2000000000001,14,35.2322236
295.71,0,95.640000000000001,171.54,8.87,955.14,859.2000000000001,28,39.941344680000001
295.71,0,95.640000000000001,171.54,8.87,955.14,859.2000000000001,56,48.718374159999997
295.71,0,95.640000000000001,171.54,8.87,955.14,859.2000000000001,100,52.04164848
251.81000000000001,0,99.94,146.14,12.35,1006,899.76,3,21.02212324
251.81000000000001,0,99.94,146.14,12.35,1006,899.76,14,33.356848880000002
251.81000000000001,0,99.94,146.14,12.35,1006,899.76,28,33.94290348
251.81000000000001,0,99.94,146.14,12.35,1006,899.76,56,44.140253520000002
251.81000000000001,0,99.94,146.14,12.35,1006,899.76,100,45.367520800000002
249.1,0,98.75,158.11000000000002,12.800000000000001,987.76,889.01,3,15.361525279999999
249.1,0,98.75,158.11000000000002,12.800000000000001,987.76,889.01,14,28.6822016
249.1,0,98.75,158.11000000000002,12.800000000000001,987.76,889.01,28,30.847156240000001
249.1,0,98.75,158.11000000000002,12.800000000000001,987.76,889.01,56,42.030456959999996
249.1,0,98.75,158.11000000000002,12.800000000000001,987.76,889.01,100,51.0556978
252.31000000000001,0,98.75,146.25,14.17,987.76,889.01,3,21.78054684
252.31000000000001,0,98.75,146.25,14.17,987.76,889.01,14,42.29245784
252.31000000000001,0,98.75,146.25,14.17,987.76,889.01,28,50.600643640000002
252.31000000000001,0,98.75,146.25,14.17,987.76,889.01,56,55.82687172
252.31000000000001,0,98.75,146.25,14.17,987.76,889.01,100,60.949678399999997
246.83000000000002,0,125.08,143.30000000000002,11.990000000000001,1086.8,800.89,3,23.52492112
246.83000000000002,0,125.08,143.30000000000002,11.990000000000001,1086.8,800.89,14,42.216615480000002
246.83000000000002,0,125.08,143.30000000000002,11.990000000000001,1086.8,800.89,28,52.5035974
246.83000000000002,0,125.08,143.30000000000002,11.990000000000001,1086.8,800.89,56,60.32225524
246.83000000000002,0,125.08,143.30000000000002,11.990000000000001,1086.8,800.89,100,66.42411784
275.07,0,121.35,159.48,9.900000000000001,1053.6,777.5,3,23.800711520000001
275.07,0,121.35,159.48,9.900000000000001,1053.6,777.5,14,38.76923548
275.07,0,121.35,159.48,9.900000000000001,1053.6,777.5,28,51.331488199999996
275.07,0,121.35,159.48,9.900000000000001,1053.6,777.5,56,56.847296199999996
275.07,0,121.35,159.48,9.900000000000001,1053.6,777.5,100,58.605460000000001
297.16000000000003,0,117.54000000000001,174.80000000000002,9.52,1022.8,753.4500000000001,3,21.911547280000001
297.16000000000003,0,117.54000000000001,174.80000000000002,9.52,1022.8,753.4500000000001,14,36.990387399999996
297.16000000000003,0,117.54000000000001,174.80000000000002,9.52,1022.8,753.4500000000001,28,47.401475
297.16000000000003,0,117.54000000000001,174.80000000000002,9.52,1022.8,753.4500000000001,56,51.958911360000002
297.16000000000003,0,117.54000000000001,174.80000000000002,9.52,1022.8,753.4500000000001,100,56.743874800000001
213.74000000000001,0,174.74000000000001,154.79,10.160000000000001,1053.5,776.35000000000003,3,17.574743240000001
213.74000000000001,0,174.74000000000001,154.79,10.160000000000001,1053.5,776.35000000000003,14,33.72916592
213.74000000000001,0,174.74000000000001,154.79,10.160000000000001,1053.5,776.35000000000003,28,40.14818748
213.74000000000001,0,174.74000000000001,154.79,10.160000000000001,1053.5,776.35000000000003,56,46.6430514
213.74000000000001,0,174.74000000000001,154.79,10.160000000000001,1053.5,776.35000000000003,100,50.07664188
213.5,0,174.24000000000001,154.61000000000002,11.660000000000001,1052.3,775.48000000000002,3,17.36790044
213.5,0,174.24000000000001,154.61000000000002,11.660000000000001,1052.3,775.48000000000002,14,33.701586880000001
213.5,0,174.24000000000001,154.61000000000002,11.660000000000001,1052.3,775.48000000000002,28,45.939785879999996
213.5,0,174.24000000000001,154.61000000000002,11.660000000000001,1052.3,775.48000000000002,56,51.4349096
213.5,0,174.24000000000001,154.61000000000002,11.660000000000001,1052.3,775.48000000000002,100,59.301830760000002
277.19,97.82,24.460000000000001,160.7,11.19,1061.7000000000001,782.46000000000004,3,30.44726016
277.19,97.82,24.460000000000001,160.7,11.19,1061.7000000000001,782.46000000000004,14,47.7117392
277.19,97.82,24.460000000000001,160.7,11.19,1061.7000000000001,782.46000000000004,28,63.142212080000001
277.19,97.82,24.460000000000001,160.7,11.19,1061.7000000000001,782.46000000000004,56,66.82401392
277.19,97.82,24.460000000000001,160.7,11.19,1061.7000000000001,782.46000000000004,100,66.9481196
218.23,54.640000000000001,123.78000000000001,140.75,11.910000000000001,1075.7000000000001,792.67,3,27.42046052
218.23,54.640000000000001,123.78000000000001,140.75,11.910000000000001,1075.7000000000001,792.67,14,35.9561734
218.23,54.640000000000001,123.78000000000001,140.75,11.910000000000001,1075.7000000000001,792.67,28,55.50971276
218.23,54.640000000000001,123.78000000000001,140.75,11.910000000000001,1075.7000000000001,792.67,56,61.99078716
218.23,54.640000000000001,123.78000000000001,140.75,11.910000000000001,1075.7000000000001,792.67,100,63.528318639999995
214.90000000000001,53.8,121.89000000000001,155.63,9.61,1014.3,780.58000000000005,3,18.016007880000001
214.90000000000001,53.8,121.89000000000001,155.63,9.61,1014.3,780.58000000000005,14,38.60376124
214.90000000000001,53.8,121.89000000000001,155.63,9.61,1014.3,780.58000000000005,28,52.20022796
214.90000000000001,53.8,121.89000000000001,155.63,9.61,1014.3,780.58000000000005,56,53.95839176
214.90000000000001,53.8,121.89000000000001,155.63,9.61,1014.3,780.58000000000005,100,56.63355864
218.85,0,124.13,158.49000000000001,11.330000000000001,1078.7000000000001,794.91,3,15.340841
218.85,0,124.13,158.49000000000001,11.330000000000001,1078.7000000000001,794.91,14,26.04840328
218.85,0,124.13,158.49000000000001,11.330000000000001,1078.7000000000001,794.91,28,30.219733079999998
218.85,0,124.13,158.49000000000001,11.330000000000001,1078.7000000000001,794.91,56,37.266177800000002
218.85,0,124.13,158.49000000000001,11.330000000000001,1078.7000000000001,794.91,100,46.2293658
376,0,0,214.6,0,1003.5,762.36000000000002,3,16.27852836
376,0,0,214.6,0,1003.5,762.36000000000002,14,25.62092816
376,0,0,214.6,0,1003.5,762.36000000000002,28,31.971002119999998
376,0,0,214.6,0,1003.5,762.36000000000002,56,36.3009114
376,0,0,214.6,0,1003.5,762.36000000000002,100,43.0577762
500,0,0,140,4,966,853,28,67.568648
475,0,59,142,1.9,1098,641,28,57.226507999999996
315,137,0,145,5.9000000000000004,1130,745,28,81.751169320000003
505,0,60,195,0,1030,630,28,64.0178466
451,0,0,165,11.25,1030,745,28,78.800212039999992
516,0,0,162,8.2,801,802,28,41.368560000000003
520,0,0,170,5.2000000000000002,855,855,28,60.280886679999995
528,0,0,185,6.8600000000000004,920,720,28,56.83350668
520,0,0,175,5.2000000000000002,870,805,28,51.021224
385,0,136,158,20,903,768,28,55.551081320000002
500.10000000000003,0,0,200,3,1124.4000000000001,613.2000000000001,28,44.133358760000001
450.10000000000003,50,0,200,3,1124.4000000000001,613.2000000000001,28,39.375974360000001
397,17.2,158,167,20.800000000000001,967,633,28,55.647607959999995
333,17.5,163,167,17.9,996,652,28,47.27736932
334,17.600000000000002,158,189,15.300000000000001,967,633,28,44.326412040000002
405,0,0,175,0,1120,695,28,52.303649360000002
200,200,0,190,0,1145,660,28,49.249270679999996
516,0,0,162,8.26,801,802,28,41.368560000000003
145,116,119,184,5.7000000000000002,833,880,28,29.15794004
160,128,122,182,6.4000000000000004,824,879,28,39.39665864
234,156,0,189,5.85,981,760,28,39.300132
250,180,95,159,9.45,860,800,28,67.86512268
475,0,0,162,9.5,1044,662,28,58.522722879999997
285,190,0,163,7.6,1031,685,28,53.57917996
356,119,0,160,9.03,1061,657,28,58.99846132
275,180,120,162,10.35,830,765,28,76.23536132
500,0,0,151,9,1033,655,28,69.837024040000003
165,0.020000000000000001,143.57,163.81000000000001,0,1005.6000000000001,900.9,3,14.39625888
165,128.5,132.1,175.06000000000001,8.0800000000000001,1005.8,746.60000000000003,3,19.41564416
178.03000000000001,129.80000000000002,118.6,179.94,3.57,1007.3,746.8,3,20.72564856
167.35,129.90000000000001,128.62000000000001,175.46000000000001,7.7900000000000001,1006.3,746.60000000000003,3,14.94094492
172.38,13.61,172.37000000000001,156.76,4.14,1006.3,856.4,3,21.29101888
173.54,50.05,173.53000000000001,164.77000000000002,6.47,1006.2000000000001,793.5,3,23.076761720000001
167,75.40000000000001,167,164.03000000000001,7.9100000000000002,1007.3,770.10000000000003,3,15.520104759999999
173.81000000000001,93.37000000000001,159.90000000000001,172.34000000000001,9.730000000000001,1007.2000000000001,746.60000000000003,3,15.81657944
190.34000000000001,0,125.18000000000001,166.61000000000002,9.880000000000001,1079,798.9,3,12.548463200000001
250,0,95.69,191.84000000000001,5.3300000000000001,948.9,857.2000000000001,3,8.48744956
213.5,0,174.24000000000001,159.21000000000001,11.660000000000001,1043.6,771.9,3,15.60973664
194.68000000000001,0,100.52,170.17,7.4800000000000005,998,901.8,3,12.176146160000001
251.37000000000001,0,118.27,192.94,5.75,1043.6,754.3,3,11.98309288
165,0.020000000000000001,143.57,163.81000000000001,0,1005.6000000000001,900.9,14,16.87837248
165,128.5,132.1,175.06000000000001,8.0800000000000001,1005.8,746.60000000000003,14,33.08795324
178.03000000000001,129.80000000000002,118.6,179.94,3.57,1007.3,746.8,14,34.239378160000002
167.35,129.90000000000001,128.62000000000001,175.46000000000001,7.7900000000000001,1006.3,746.60000000000003,14,31.812422639999998
172.38,13.61,172.37000000000001,156.76,4.14,1006.3,856.4,14,29.7508894
173.54,50.05,173.53000000000001,164.77000000000002,6.47,1006.2000000000001,793.5,14,33.005216120000001
167,75.40000000000001,167,164.03000000000001,7.9100000000000002,1007.3,770.10000000000003,14,32.90179472
173.81000000000001,93.37000000000001,159.90000000000001,172.34000000000001,9.730000000000001,1007.2000000000001,746.60000000000003,14,29.55094136
190.34000000000001,0,125.18000000000001,166.61000000000002,9.880000000000001,1079,798.9,14,19.41564416
250,0,95.69,191.84000000000001,5.3300000000000001,948.9,857.2000000000001,14,24.655661760000001
213.5,0,174.24000000000001,159.21000000000001,11.660000000000001,1043.6,771.9,14,29.592309919999999
194.68000000000001,0,100.52,170.17,7.4800000000000005,998,901.8,14,24.28334472
251.37000000000001,0,118.27,192.94,5.75,1043.6,754.3,14,20.72564856
165,0.020000000000000001,143.57,163.81000000000001,0,1005.6000000000001,900.9,28,26.200088000000001
165,128.5,132.1,175.06000000000001,8.0800000000000001,1005.8,746.60000000000003,28,46.38794528
178.03000000000001,129.80000000000002,118.6,179.94,3.57,1007.3,746.8,28,39.162236800000003
167.35,129.90000000000001,128.62000000000001,175.46000000000001,7.7900000000000001,1006.3,746.60000000000003,28,41.203085760000001
172.38,13.61,172.37000000000001,156.76,4.14,1006.3,856.4,28,33.68779736
173.54,50.05,173.53000000000001,164.77000000000002,6.47,1006.2000000000001,793.5,28,38.20386516
167,75.40000000000001,167,164.03000000000001,7.9100000000000002,1007.3,770.10000000000003,28,41.40992856
173.81000000000001,93.37000000000001,159.90000000000001,172.34000000000001,9.730000000000001,1007.2000000000001,746.60000000000003,28,37.810863839999997
190.34000000000001,0,125.18000000000001,166.61000000000002,9.880000000000001,1079,798.9,28,24.84871504
250,0,95.69,191.84000000000001,5.3300000000000001,948.9,857.2000000000001,28,27.220512480000001
213.5,0,174.24000000000001,159.21000000000001,11.660000000000001,1043.6,771.9,28,44.63667624
194.68000000000001,0,100.52,170.17,7.4800000000000005,998,901.8,28,37.266177800000002
251.37000000000001,0,118.27,192.94,5.75,1043.6,754.3,28,33.27411176
165,0.020000000000000001,143.57,163.81000000000001,0,1005.6000000000001,900.9,56,36.56291228
165,128.5,132.1,175.06000000000001,8.0800000000000001,1005.8,746.60000000000003,56,53.723969920000002
178.03000000000001,129.80000000000002,118.6,179.94,3.57,1007.3,746.8,56,48.587373719999996
167.35,129.90000000000001,128.62000000000001,175.46000000000001,7.7900000000000001,1006.3,746.60000000000003,56,51.72448952
172.38,13.61,172.37000000000001,156.76,4.14,1006.3,856.4,56,35.852751999999996
173.54,50.05,173.53000000000001,164.77000000000002,6.47,1006.2000000000001,793.5,56,53.77223324
167,75.40000000000001,167,164.03000000000001,7.9100000000000002,1007.3,770.10000000000003,56,53.46196904
173.81000000000001,93.37000000000001,159.90000000000001,172.34000000000001,9.730000000000001,1007.2000000000001,746.60000000000003,56,48.9872698
190.34000000000001,0,125.18000000000001,166.61000000000002,9.880000000000001,1079,798.9,56,31.715896000000001
250,0,95.69,191.84000000000001,5.3300000000000001,948.9,857.2000000000001,56,39.64487
213.5,0,174.24000000000001,159.21000000000001,11.660000000000001,1043.6,771.9,56,51.25564584
194.68000000000001,0,100.52,170.17,7.4800000000000005,998,901.8,56,43.388724679999996
251.37000000000001,0,118.27,192.94,5.75,1043.6,754.3,56,39.2656582
165,0.020000000000000001,143.57,163.81000000000001,0,1005.6000000000001,900.9,100,37.955653800000001
165,128.5,132.1,175.06000000000001,8.0800000000000001,1005.8,746.60000000000003,100,55.020184799999996
178.03000000000001,129.80000000000002,118.6,179.94,3.57,1007.3,746.8,100,49.99390476
167.35,129.90000000000001,128.62000000000001,175.46000000000001,7.7900000000000001,1006.3,746.60000000000003,100,53.655022320000001
172.38,13.61,172.37000000000001,156.76,4.14,1006.3,856.4,100,37.679863400000003
173.54,50.05,173.53000000000001,164.77000000000002,6.47,1006.2000000000001,793.5,100,56.061293559999996
167,75.40000000000001,167,164.03000000000001,7.9100000000000002,1007.3,770.10000000000003,100,56.812822400000002
173.81000000000001,93.37000000000001,159.90000000000001,172.34000000000001,9.730000000000001,1007.2000000000001,746.60000000000003,100,50.93848688
190.34000000000001,0,125.18000000000001,166.61000000000002,9.880000000000001,1079,798.9,100,33.56369168
250,0,95.69,191.84000000000001,5.3300000000000001,948.9,857.2000000000001,100,41.1617172
213.5,0,174.24000000000001,159.21000000000001,11.660000000000001,1043.6,771.9,100,52.95865156
194.68000000000001,0,100.52,170.17,7.4800000000000005,998,901.8,100,44.27814872
251.37000000000001,0,118.27,192.94,5.75,1043.6,754.3,100,40.14818748
446,24,79,162,11.61,967,712,28,57.026559960000001
446,24,79,162,11.640000000000001,967,712,28,44.422938680000002
446,24,79,162,11.640000000000001,967,712,28,51.021224
446,24,79,162,10.300000000000001,967,712,28,53.38612668
446,24,79,162,11.61,967,712,3,35.36322404
446,24,79,162,11.640000000000001,967,712,3,25.021084039999999
446,24,79,162,11.640000000000001,967,712,3,23.345657360000001
446,24,79,162,11.61,967,712,7,52.00717468
446,24,79,162,11.640000000000001,967,712,7,38.017706640000001
446,24,79,162,11.640000000000001,967,712,7,39.300132
446,24,79,162,11.61,967,712,56,61.066889320000002
446,24,79,162,11.640000000000001,967,712,56,56.144030680000001
446,24,79,162,11.640000000000001,967,712,56,55.25460664
446,24,79,162,10.300000000000001,967,712,56,54.765078679999995
387,20,94,157,14.320000000000001,938,845,28,50.23522136
387,20,94,157,13.93,938,845,28,46.68441996
387,20,94,157,11.61,938,845,28,46.68441996
387,20,94,157,14.320000000000001,938,845,3,22.752708
387,20,94,157,13.93,938,845,3,25.510612
387,20,94,157,11.61,938,845,3,34.77027468
387,20,94,157,14.320000000000001,938,845,7,36.83870268
387,20,94,157,13.93,938,845,7,45.898417320000001
387,20,94,157,11.61,938,845,7,41.66503468
387,20,94,157,14.320000000000001,938,845,56,56.337083960000002
387,20,94,157,13.93,938,845,56,47.96684532
387,20,94,157,11.61,938,845,56,61.45989064
355,19,97,145,13.130000000000001,967,871,28,44.02993736
355,19,97,145,12.25,967,871,28,55.454554680000002
491,26,123,210,3.9300000000000002,882,699,28,55.551081320000002
491,26,123,201,3.9300000000000002,822,699,28,57.915983999999995
491,26,123,210,3.9300000000000002,882,699,3,25.609108569458642
491,26,123,210,3.9300000000000002,882,699,7,33.488834284729315
491,26,123,210,3.9300000000000002,882,699,56,59.590425715270677
491,26,123,201,3.9300000000000002,822,699,3,29.548971430541361
491,26,123,201,3.9300000000000002,822,699,7,37.92118
491,26,123,201,3.9300000000000002,822,699,56,61.85584685418796
424,22,132,178,8.480000000000001,822,750,28,62.052839999999997
424,22,132,178,8.480000000000001,882,750,3,32.01138571527068
424,22,132,168,8.92,822,750,28,72.098505320000002
424,22,132,178,8.480000000000001,822,750,7,39.004642284729315
424,22,132,178,8.480000000000001,822,750,56,65.69721314581203
424,22,132,168,8.92,822,750,3,32.109882284729317
424,22,132,168,8.92,822,750,7,40.285097715270681
424,22,132,168,8.92,822,750,56,74.36491145812041
202,11,141,206,1.72,942,801,28,21.96670536
202,11,141,206,1.72,942,801,3,9.849657145812041
202,11,141,206,1.72,942,801,7,15.069975430541359
202,11,141,206,1.72,942,801,56,23.245190854187961
284,15,141,179,5.46,842,801,28,43.733462679999996
284,15,141,179,5.46,842,801,3,13.395533715270679
284,15,141,179,5.46,842,801,7,24.131660000000001
284,15,141,179,5.46,842,801,56,44.520450284729315
359,19,141,154,10.910000000000001,942,801,28,62.935369279999997
359,19,141,154,10.910000000000001,942,801,28,59.494884039999996
359,19,141,154,10.910000000000001,942,801,3,25.11662571527068
359,19,141,154,10.910000000000001,942,801,3,23.639177145812039
359,19,141,154,10.910000000000001,942,801,7,35.754255430541364
359,19,141,154,10.910000000000001,942,801,7,38.610656
359,19,141,154,10.910000000000001,942,801,56,68.75060685418797
359,19,141,154,10.910000000000001,942,801,56,66.78067543054137
436,0,0,218,0,838.4,719.7000000000001,28,23.848974840000001
289,0,0,192,0,913.2000000000001,895.3,90,32.068218236
289,0,0,192,0,913.2000000000001,895.3,3,11.654902304000001
393,0,0,192,0,940.60000000000003,785.60000000000003,3,19.199148695999999
393,0,0,192,0,940.60000000000003,785.60000000000003,90,48.846616696
393,0,0,192,0,940.60000000000003,785.60000000000003,28,39.604880392
480,0,0,192,0,936.2000000000001,712.2000000000001,28,43.942373908000001
480,0,0,192,0,936.2000000000001,712.2000000000001,7,34.569637164
480,0,0,192,0,936.2000000000001,712.2000000000001,90,54.315540328
480,0,0,192,0,936.2000000000001,712.2000000000001,3,24.404692496
333,0,0,192,0,931.2000000000001,842.60000000000003,3,15.615941924
255,0,0,192,0,889.8,945,90,21.859147104000002
255,0,0,192,0,889.8,945,7,10.222171176
289,0,0,192,0,913.2000000000001,895.3,7,14.596896395999999
255,0,0,192,0,889.8,945,28,18.746162964
333,0,0,192,0,931.2000000000001,842.60000000000003,28,31.966865263999996
333,0,0,192,0,931.2000000000001,842.60000000000003,7,23.404952295999998
289,0,0,192,0,913.2000000000001,895.3,28,25.573354316
333,0,0,192,0,931.2000000000001,842.60000000000003,90,41.680203152
393,0,0,192,0,940.60000000000003,785.60000000000003,7,27.742445811999997
255,0,0,192,0,889.8,945,3,8.204074924000001
158.80000000000002,238.2,0,185.7,0,1040.6,734.3,7,9.6175007240000011
239.6,359.4,0,185.7,0,941.60000000000003,664.3,7,25.422359072
238.2,158.80000000000002,0,185.7,0,1040.6,734.3,7,15.691094808000001
181.90000000000001,272.80000000000002,0,185.7,0,1012.4,714.3,28,27.935499091999998
193.5,290.2,0,185.7,0,998.2000000000001,704.3,28,32.626693796000005
255.5,170.30000000000002,0,185.7,0,1026.6,724.3,7,17.236210524000001
272.80000000000002,181.90000000000001,0,185.7,0,1012.4,714.3,7,19.765208492
239.6,359.4,0,185.7,0,941.60000000000003,664.3,28,39.435269296000002
220.80000000000002,147.2,0,185.7,0,1055,744.3,28,25.745033839999998
397,0,0,185.7,0,1040.6,734.3,28,33.082437432
382.5,0,0,185.7,0,1047.8,739.3,7,24.065470304000002
210.7,316.10000000000003,0,185.7,0,977,689.3,7,21.819846971999998
158.80000000000002,238.2,0,185.7,0,1040.6,734.3,28,21.066249704000001
295.80000000000002,0,0,185.7,0,1091.4000000000001,769.3,7,14.843728804
255.5,170.30000000000002,0,185.7,0,1026.6,724.3,28,32.051670812
203.5,135.7,0,185.7,0,1076.2000000000001,759.3,7,11.957582268
397,0,0,185.7,0,1040.6,734.3,7,25.447869684000001
381.4,0,0,185.7,0,1104.6,784.3,28,22.489328168000001
295.80000000000002,0,0,185.7,0,1091.4000000000001,769.3,28,25.216895223999999
228,342.10000000000003,0,185.7,0,955.8,674.3,28,39.699338604
220.80000000000002,147.2,0,185.7,0,1055,744.3,7,13.089012384000001
316.10000000000003,210.7,0,185.7,0,977,689.3,28,38.70028788
135.7,203.5,0,185.7,0,1076.2000000000001,759.3,7,7.5070146879999991
238.1,0,0,185.7,0,1118.8,789.3,28,17.576122192
339.2,0,0,185.7,0,1069.2000000000001,754.3,7,21.179323768
135.7,203.5,0,185.7,0,1076.2000000000001,759.3,28,18.19871902
193.5,290.2,0,185.7,0,998.2000000000001,704.3,7,17.200357771999997
203.5,135.7,0,185.7,0,1076.2000000000001,759.3,28,22.629981272
290.2,193.5,0,185.7,0,998.2000000000001,704.3,7,21.859147104000002
181.90000000000001,272.80000000000002,0,185.7,0,1012.4,714.3,7,12.37264682
170.30000000000002,155.5,0,185.7,0,1026.6,724.3,28,25.726417988000002
210.7,316.10000000000003,0,185.7,0,977,689.3,28,37.813621743999996
228,342.10000000000003,0,185.7,0,955.8,674.3,7,21.917063088
290.2,193.5,0,185.7,0,998.2000000000001,704.3,28,33.0431373
381.4,0,0,185.7,0,1104.6,784.3,7,14.541048840000001
238.2,158.80000000000002,0,185.7,0,1040.6,734.3,28,26.91369566
186.2,124.1,0,185.7,0,1083.4000000000001,764.3,7,7.9958531720000004
339.2,0,0,185.7,0,1069.2000000000001,754.3,28,31.899986092
238.1,0,0,185.7,0,1118.8,789.3,7,10.335934715999999
252.5,0,0,185.7,0,1111.6,784.3,28,19.765208492
382.5,0,0,185.7,0,1047.8,739.3,28,37.437857324
252.5,0,0,185.7,0,1111.6,784.3,7,11.483912255999999
316.10000000000003,210.7,0,185.7,0,977,689.3,7,24.437787344000001
186.2,124.1,0,185.7,0,1083.4000000000001,764.3,28,17.596806471999998
170.30000000000002,155.5,0,185.7,0,1026.6,724.3,7,10.730314988
272.80000000000002,181.90000000000001,0,185.7,0,1012.4,714.3,28,31.38150014
339,0,0,197,0,968,781,3,13.224149680000001
339,0,0,197,0,968,781,7,20.966965160000001
339,0,0,197,0,968,781,14,27.04124872
339,0,0,197,0,968,781,28,32.039949719999996
339,0,0,197,0,968,781,90,35.17017076
339,0,0,197,0,968,781,180,36.445701360000002
339,0,0,197,0,968,781,365,38.89334116
236,0,0,194,0,968,885,3,6.4672848799999994
236,0,0,194,0,968,885,14,12.838043120000001
236,0,0,194,0,968,885,28,18.415903959999998
236,0,0,194,0,968,885,90,21.946021079999998
236,0,0,193,0,968,885,180,24.104080959999998
236,0,0,193,0,968,885,365,25.083136879999998
277,0,0,191,0,968,856,14,21.263439840000001
277,0,0,191,0,968,856,28,25.965666159999998
277,0,0,191,0,968,856,3,11.36256448
277,0,0,191,0,968,856,90,31.25394708
277,0,0,191,0,968,856,180,32.32952964
277,0,0,191,0,968,856,360,33.701586880000001
254,0,0,198,0,968,863,3,9.307926000000001
254,0,0,198,0,968,863,90,26.94472208
254,0,0,198,0,968,863,180,27.62730332
254,0,0,198,0,968,863,365,29.7853632
307,0,0,193,0,968,812,180,34.487589520000001
307,0,0,193,0,968,812,365,36.14922668
307,0,0,193,0,968,812,3,12.541568439999999
307,0,0,193,0,968,812,28,27.53077668
307,0,0,193,0,968,812,90,32.922478999999996
236,0,0,193,0,968,885,7,9.99050724
200,0,0,180,0,1125,845,7,7.8393421199999996
200,0,0,180,0,1125,845,28,12.24509376
225,0,0,181,0,1113,833,7,11.169511199999999
225,0,0,181,0,1113,833,28,17.340321400000001
325,0,0,184,0,1063,783,7,17.54026944
325,0,0,184,0,1063,783,28,30.57136584
275,0,0,183,0,1088,808,7,14.203205600000001
275,0,0,183,0,1088,808,28,24.497082280000001
300,0,0,184,0,1075,795,7,15.575262839999999
300,0,0,184,0,1075,795,28,26.848195439999998
375,0,0,186,0,1038,758,7,26.0621928
375,0,0,186,0,1038,758,28,38.210759920000001
400,0,0,187,0,1025,745,28,43.698988880000002
400,0,0,187,0,1025,745,7,30.143890719999999
250,0,0,182,0,1100,820,7,12.73462172
250,0,0,182,0,1100,820,28,20.870438520000001
350,0,0,186,0,1050,770,7,20.27748916
350,0,0,186,0,1050,770,28,34.29453624
203.5,305.30000000000002,0,203.5,0,963.4,630,7,19.539060364000001
250.2,166.80000000000002,0,203.5,0,977.60000000000003,694.10000000000003,90,47.714497103999996
157,236,0,192,0,935.4,781.2000000000001,90,43.377003588000001
141.30000000000002,212,0,203.5,0,971.8,748.5,28,29.89223198
166.80000000000002,250.2,0,203.5,0,975.60000000000003,692.60000000000003,3,6.9023442360000003
122.6,183.90000000000001,0,203.5,0,958.2000000000001,800.10000000000003,90,33.192064116000005
183.90000000000001,122.6,0,203.5,0,959.2000000000001,800,3,4.9035533120000006
102,153,0,192,0,887,942,3,4.5650205960000001
102,153,0,192,0,887,942,90,25.460969728000003
122.6,183.90000000000001,0,203.5,0,958.2000000000001,800.10000000000003,28,24.290928956
166.80000000000002,250.2,0,203.5,0,975.60000000000003,692.60000000000003,28,33.947729812
200,133,0,192,0,965.4,806.2000000000001,3,11.414275179999999
108.3,162.40000000000001,0,203.5,0,938.2000000000001,849,28,20.593958644000001
305.30000000000002,203.5,0,203.5,0,965.4,631,7,25.893960655999998
108.3,162.40000000000001,0,203.5,0,938.2000000000001,849,90,29.231713971999998
116,173,0,192,0,909.8,891.9,90,31.023662096000003
141.30000000000002,212,0,203.5,0,971.8,748.5,7,10.3938507
157,236,0,192,0,935.4,781.2000000000001,28,33.664355176000001
133,200,0,192,0,927.4,839.2000000000001,28,27.874825204000001
250.2,166.80000000000002,0,203.5,0,977.60000000000003,694.10000000000003,7,19.35014394
173,116,0,192,0,946.8,856.8,7,11.392211948
192,288,0,192,0,929.8,716.10000000000003,3,12.788400847999999
192,288,0,192,0,929.8,716.10000000000003,28,39.321505756000001
153,102,0,192,0,888,943.10000000000003,3,4.7822055360000003
288,192,0,192,0,932,717.8,3,16.109606740000001
305.30000000000002,203.5,0,203.5,0,965.4,631,28,43.377003588000001
236,157,0,192,0,972.60000000000003,749.10000000000003,7,20.416073836
173,116,0,192,0,946.8,856.8,3,6.940954892
212,141.30000000000002,0,203.5,0,973.4,750,7,15.030576799999999
236,157,0,192,0,972.60000000000003,749.10000000000003,3,13.565440299999999
183.90000000000001,122.6,0,203.5,0,959.2000000000001,800,90,32.53292506
166.80000000000002,250.2,0,203.5,0,975.60000000000003,692.60000000000003,7,15.748321315999999
102,153,0,192,0,887,942,7,7.675936308
288,192,0,192,0,932,717.8,28,38.804398756000005
212,141.30000000000002,0,203.5,0,973.4,750,28,33.003837168
102,153,0,192,0,887,942,28,17.275510655999999
173,116,0,192,0,946.8,856.8,28,24.281965768
183.90000000000001,122.6,0,203.5,0,959.2000000000001,800,28,24.046164976000001
133,200,0,192,0,927.4,839.2000000000001,90,36.588422892
192,288,0,192,0,929.8,716.10000000000003,90,50.732333556000001
133,200,0,192,0,927.4,839.2000000000001,7,13.664035367999999
305.30000000000002,203.5,0,203.5,0,965.4,631,3,14.143910664
236,157,0,192,0,972.60000000000003,749.10000000000003,90,47.782065751999995
108.3,162.40000000000001,0,203.5,0,938.2000000000001,849,3,2.331807832
157,236,0,192,0,935.4,781.2000000000001,7,16.889404096
288,192,0,192,0,932,717.8,7,23.523542168
212,141.30000000000002,0,203.5,0,973.4,750,3,6.8085755
212,141.30000000000002,0,203.5,0,973.4,750,90,39.700028079999996
153,102,0,192,0,888,943.10000000000003,28,17.96429718
236,157,0,192,0,972.60000000000003,749.10000000000003,28,32.88455782
116,173,0,192,0,909.8,891.9,28,22.347985588000001
183.90000000000001,122.6,0,203.5,0,959.2000000000001,800,7,10.787541496
108.3,162.40000000000001,0,203.5,0,938.2000000000001,849,7,7.7235101520000003
203.5,305.30000000000002,0,203.5,0,963.4,630,28,41.684340008
203.5,305.30000000000002,0,203.5,0,963.4,630,3,9.561653168
133,200,0,192,0,927.4,839.2000000000001,3,6.8837283839999995
288,192,0,192,0,932,717.8,90,50.526869708
200,133,0,192,0,965.4,806.2000000000001,7,17.165883972
200,133,0,192,0,965.4,806.2000000000001,28,30.439675923999996
250.2,166.80000000000002,0,203.5,0,977.60000000000003,694.10000000000003,3,9.731264264
122.6,183.90000000000001,0,203.5,0,958.2000000000001,800.10000000000003,3,3.3198269400000001
153,102,0,192,0,888,943.10000000000003,90,26.322814728000001
200,133,0,192,0,965.4,806.2000000000001,90,43.250829480000001
116,173,0,192,0,909.8,891.9,3,6.2804368839999994
173,116,0,192,0,946.8,856.8,90,32.102692036000001
250.2,166.80000000000002,0,203.5,0,977.60000000000003,694.10000000000003,28,36.964187312
305.30000000000002,203.5,0,203.5,0,965.4,631,90,54.598914963999996
192,288,0,192,0,929.8,716.10000000000003,7,21.48062478
157,236,0,192,0,935.4,781.2000000000001,3,9.694722036
153,102,0,192,0,888,943.10000000000003,7,8.374375495999999
141.30000000000002,212,0,203.5,0,971.8,748.5,90,39.6621069
116,173,0,192,0,909.8,891.9,7,10.089791784000001
141.30000000000002,212,0,203.5,0,971.8,748.5,3,4.8277109520000004
122.6,183.90000000000001,0,203.5,0,958.2000000000001,800.10000000000003,7,10.354550567999999
166.80000000000002,250.2,0,203.5,0,975.60000000000003,692.60000000000003,90,43.565230536000002
203.5,305.30000000000002,0,203.5,0,963.4,630,90,51.863763672
310,0,0,192,0,1012,830,3,11.85209244
310,0,0,192,0,1012,830,7,17.243794760000001
310,0,0,192,0,1012,830,28,27.827251359999999
310,0,0,192,0,1012,830,90,35.763120119999997
310,0,0,192,0,1012,830,120,38.70028788
331,0,0,192,0,1025,821,3,14.306626999999999
331,0,0,192,0,1025,821,7,17.436848040000001
331,0,0,192,0,1025,821,28,31.74347504
331,0,0,192,0,1025,821,90,37.91428524
331,0,0,192,0,1025,821,120,39.382869119999996
349,0,0,192,0,1056,809,3,15.87173752
349,0,0,192,0,1056,809,7,9.0114513199999991
349,0,0,192,0,1056,809,28,33.605060240000001
349,0,0,192,0,1056,809,90,40.65839972
349,0,0,192,0,1056,809,120,40.858347760000001
238,0,0,186,0,1119,789,7,12.052040479999999
238,0,0,186,0,1119,789,28,17.54026944
296,0,0,186,0,1090,769,7,18.91232668
296,0,0,186,0,1090,769,28,25.17966352
297,0,0,186,0,1040,734,7,30.957472400000001
480,0,0,192,0,936,721,28,43.892042159999996
480,0,0,192,0,936,721,90,54.27555072
397,0,0,186,0,1040,734,28,36.93522932
281,0,0,186,0,1104,774,7,14.49968028
281,0,0,185,0,1104,774,28,22.435549039999998
500,0,0,200,0,1125,613,1,12.63809508
500,0,0,200,0,1125,613,3,26.0621928
500,0,0,200,0,1125,613,7,33.21205892
500,0,0,200,0,1125,613,14,36.93522932
500,0,0,200,0,1125,613,28,44.0919902
540,0,0,173,0,1125,613,7,52.613913560000001
540,0,0,173,0,1125,613,14,59.76377968
540,0,0,173,0,1125,613,28,67.30664712
540,0,0,173,0,1125,613,90,69.657760279999991
540,0,0,173,0,1125,613,180,71.622766880000001
540,0,0,173,0,1125,613,270,74.16693332
350,0,0,203,0,974,775,7,18.126324040000001
350,0,0,203,0,974,775,14,22.53207568
350,0,0,203,0,974,775,28,27.337723399999999
350,0,0,203,0,974,775,56,29.97841648
350,0,0,203,0,974,775,90,31.350473720000001
350,0,0,203,0,974,775,180,32.722530960000001
385,0,0,186,0,966,763,1,6.26733684
385,0,0,186,0,966,763,3,14.699628319999999
385,0,0,186,0,966,763,7,23.221551679999998
385,0,0,186,0,966,763,14,27.923778
385,0,0,186,0,966,763,28,31.350473720000001
331,0,0,192,0,978,825,180,38.996762560000001
331,0,0,192,0,978,825,360,41.244454319999996
349,0,0,192,0,1047,806,3,14.98920824
331,0,0,192,0,978,825,3,13.52062436
382,0,0,186,0,1047,739,7,24.00065956
382,0,0,186,0,1047,739,28,37.424757280000002
382,0,0,186,0,1111,784,7,11.46598588
281,0,0,186,0,1104,774,28,22.435549039999998
339,0,0,185,0,1069,754,7,21.160018439999999
339,0,0,185,0,1069,754,28,31.840001680000001
295,0,0,185,0,1069,769,7,14.79615496
295,0,0,185,0,1069,769,28,25.17966352
238,0,0,185,0,1118,789,28,17.54026944
296,0,0,192,0,1085,765,7,14.203205600000001
296,0,0,192,0,1085,765,28,21.6495464
296,0,0,192,0,1085,765,90,29.39236188
331,0,0,192,0,879,825,3,13.52062436
331,0,0,192,0,978,825,7,16.26473884
331,0,0,192,0,978,825,28,31.447000360000001
331,0,0,192,0,978,825,90,37.231704000000001
349,0,0,192,0,1047,806,7,18.126324040000001
349,0,0,192,0,1047,806,28,32.722530960000001
349,0,0,192,0,1047,806,90,39.48629052
349,0,0,192,0,1047,806,180,41.051401040000002
349,0,0,192,0,1047,806,360,42.126983599999996
302,0,0,203,0,974,817,14,18.126324040000001
302,0,0,203,0,974,817,180,26.74477404
525,0,0,189,0,1125,613,180,61.921839559999996
500,0,0,200,0,1125,613,90,47.222211240000001
500,0,0,200,0,1125,613,180,51.041908280000002
500,0,0,200,0,1125,613,270,55.15808
540,0,0,173,0,1125,613,3,41.63745564
252,0,0,185,0,1111,784,7,13.713677640000001
252,0,0,185,0,1111,784,28,19.691434559999998
339,0,0,185,0,1060,754,28,31.6469484
393,0,0,192,0,940,758,3,19.105379960000001
393,0,0,192,0,940,758,28,39.58281716
393,0,0,192,0,940,758,90,48.79421652
382,0,0,185,0,1047,739,7,24.00065956
382,0,0,185,0,1047,739,28,37.424757280000002
252,0,0,186,0,1111,784,7,11.46598588
252,0,0,185,0,1111,784,28,19.691434559999998
310,0,0,192,0,970,850,7,14.98920824
310,0,0,192,0,970,850,28,27.923778
310,0,0,192,0,970,850,90,34.680642800000002
310,0,0,192,0,970,850,180,37.328230640000002
310,0,0,192,0,970,850,360,38.114233280000001
525,0,0,189,0,1125,613,3,33.798113520000002
525,0,0,189,0,1125,613,7,42.42345828
525,0,0,189,0,1125,613,14,48.401215199999996
525,0,0,189,0,1125,613,28,55.94408264
525,0,0,189,0,1125,613,90,58.78472376
525,0,0,189,0,1125,613,270,67.11359384
322,0,0,203,0,974,800,14,20.77391188
322,0,0,203,0,974,800,28,25.17966352
322,0,0,203,0,974,800,180,29.585415160000001
302,0,0,203,0,974,817,28,21.752967800000001
397,0,0,185,0,1040,734,28,39.093289200000001
480,0,0,192,0,936,721,3,24.39366088
522,0,0,146,0,896,896,7,50.511011759999996
522,0,0,146,0,896,896,28,74.987409759999992
273,105,82,210,9,904,680,28,37.169651160000001
162,190,148,179,19,838,741,28,33.75674496
154,144,112,220,10,923,658,28,16.49916068
147,115,89,202,9,860,829,28,19.987909240000001
152,178,139,168,18,944,695,28,36.349174720000001
310,143,111,168,22,914,651,28,33.68779736
144,0,175,158,18,943,844,28,15.416683360000001
304,140,0,214,6,895,722,28,33.418901720000001
374,0,0,190,7,1013,730,28,39.05192064
159,149,116,175,15,953,720,28,27.67556664
153,239,0,200,6,1002,684,28,26.8550902
310,143,0,168,10,914,804,28,45.2985732
305,0,100,196,10,959,705,28,30.123206440000001
151,0,184,167,12,991,772,28,15.56836808
142,167,130,174,11,883,785,28,44.609097200000001
298,137,107,201,6,878,655,28,53.52402188
321,164,0,190,5,870,774,28,57.21271848
366,187,0,191,7,824,757,28,65.90701084
280,129,100,172,9,825,805,28,52.82075636
252,97,76,194,8,835,821,28,33.398217439999997
165,0,150,182,12,1023,729,28,18.0297974
156,243,0,180,11,1022,698,28,37.362704440000002
160,188,146,203,11,829,710,28,32.83974188
298,0,107,186,6,879,815,28,42.63719584
318,0,126,210,6,861,737,28,40.0585556
287,121,94,188,9,904,696,28,41.940825079999997
326,166,0,174,9,882,790,28,61.232363559999997
356,0,142,193,11,801,778,28,40.865242519999996
132,207,161,179,5,867,736,28,33.301690799999996
322,149,0,186,8,951,709,28,52.42086028
164,0,200,181,13,849,846,28,15.085734880000001
314,0,113,170,10,925,783,28,38.458971280000001
321,0,128,182,11,870,780,28,37.25928304
140,164,128,237,6,869,656,28,35.225328839999996
288,121,0,177,7,908,829,28,42.13387836
298,0,107,210,11,880,744,28,31.874475479999998
265,111,86,195,6,833,790,28,41.540929
160,250,0,168,12,1049,688,28,39.45181672
166,260,0,183,13,859,827,28,37.91428524
276,116,90,180,9,870,768,28,44.27814872
322,0,116,196,10,818,813,28,31.178104720000001
149,139,109,193,6,892,780,28,23.690395360000001
159,187,0,176,11,990,789,28,32.763899519999996
261,100,78,201,9,864,761,28,32.39847724
237,92,71,247,6,853,695,28,28.627043520000001
313,0,113,178,8,1002,689,28,36.80422888
155,183,0,193,9,1047,697,28,18.284903520000001
146,230,0,202,3,827,872,28,33.0603742
296,0,107,221,11,819,778,28,31.419421319999998
133,210,0,196,3,949,795,28,31.026419999999999
313,145,0,178,8,867,824,28,44.388464880000001
152,0,112,184,8,992,816,28,12.176146160000001
153,145,113,178,8,1002,689,28,25.55887532
140,133,103,200,7,916,753,28,36.4388066
149,236,0,176,13,847,893,28,32.956952799999997
300,0,120,212,10,878,728,28,23.835185320000001
153,145,113,178,8,867,824,28,26.227667040000001
148,0,137,158,16,1002,830,28,17.953955040000001
326,0,138,199,11,801,792,28,40.679083999999997
153,145,0,178,8,1000,822,28,19.008853320000001
262,111,86,195,5,895,733,28,33.7153764
158,0,195,220,11,898,713,28,8.535712880000001
151,0,185,167,16,1074,678,28,13.45857152
273,0,90,199,11,931,762,28,32.23989776
149,118,92,183,7,953,780,28,23.518026360000001
143,169,143,191,8,967,643,28,29.72331036
260,101,78,171,10,936,763,28,49.77327244
313,161,0,178,10,917,759,28,52.44154456
284,120,0,168,7,970,794,28,40.93419012
336,0,0,182,3,986,817,28,44.864203320000002
145,0,134,181,11,979,812,28,13.19657064
150,237,0,174,12,1069,675,28,37.431652039999996
144,170,133,192,8,814,805,28,29.86810032
331,170,0,195,8,811,802,28,56.61287436
155,0,143,193,9,1047,697,28,12.45883132
155,183,0,193,9,877,868,28,23.786922000000001
135,0,166,180,10,961,805,28,13.29309728
266,112,87,178,10,910,745,28,39.417342919999996
314,145,113,179,8,869,690,28,46.2293658
313,145,0,127,8,1000,822,28,44.519465320000002
146,173,0,182,3,986,817,28,23.738658680000001
144,136,106,178,7,941,774,28,26.14492992
148,0,182,181,15,839,884,28,15.520104759999999
277,117,91,191,7,946,666,28,43.574883200000003
298,0,107,164,13,953,784,28,35.85964676
313,145,0,178,8,1002,689,28,41.051401040000002
155,184,143,194,9,880,699,28,28.98557104
289,134,0,195,6,924,760,28,46.24315532
148,175,0,171,2,1000,828,28,26.91714304
145,0,179,202,8,824,869,28,10.53519328
313,0,0,178,8,1000,822,28,25.096926400000001
136,162,126,172,10,923,764,28,29.068308160000001
155,0,143,193,9,877,868,28,9.735401119999999
255,99,77,189,6,919,749,28,33.798113520000002
162,207,172,216,10,822,638,28,39.84481804
136,196,98,199,6,847,783,28,26.96540636
164,163,128,197,8,961,641,28,27.234302
162,214,164,202,10,820,680,28,30.647208199999998
157,214,152,200,9,819,704,28,33.05347944
149,153,194,192,8,935,623,28,24.579819399999999
135,105,193,196,6,965,643,28,21.911547280000001
159,209,161,201,7,848,669,28,30.881630039999998
144,15,195,176,6,1021,709,28,15.340841
154,174,185,228,7,845,612,28,24.338502800000001
167,187,195,185,7,898,636,28,23.8903434
184,86,190,213,6,923,623,28,22.93197176
156,178,187,221,7,854,614,28,29.413046160000001
236.90000000000001,91.700000000000003,71.5,246.90000000000001,6,852.9,695.4,28,28.629801423999997
313.30000000000002,0,113,178.5,8,1001.9,688.7000000000001,28,36.804918356000002
154.80000000000002,183.40000000000001,0,193.30000000000002,9.1,1047.4000000000001,696.7000000000001,28,18.287661424
145.90000000000001,230.5,0,202.5,3.4,827,871.8,28,32.720462532
296,0,106.70000000000001,221.40000000000001,10.5,819.2000000000001,778.4,28,31.420110796000004
133.1,210.2,0,195.7,3.1000000000000001,949.4,795.3,28,28.937997196000002
313.30000000000002,145,0,178.5,8,867.2000000000001,824,28,40.925226931999994
151.6,0,111.90000000000001,184.40000000000001,7.9000000000000004,992,815.9,28,12.180972492000001
153.1,145,113,178.5,8,1001.9,688.7000000000001,28,25.559564796000001
139.90000000000001,132.6,103.3,200.30000000000002,7.4000000000000004,916,753.4,28,36.443632932
149.5,236,0,175.80000000000002,12.6,846.8,892.7000000000001,28,32.96384756
299.80000000000002,0,119.8,211.5,9.900000000000001,878.2000000000001,727.60000000000003,28,23.835874796
153.1,145,113,178.5,8,867.2000000000001,824,28,26.233182848000002
148.1,0,136.6,158.1,16.100000000000002,1001.8,830.10000000000003,28,17.959470848000003
326.5,0,137.90000000000001,199,10.800000000000001,801.10000000000003,792.5,28,38.630650804
152.7,144.7,0,178.1,8,999.7000000000001,822.2000000000001,28,19.009542795999999
261.9,110.5,86.1,195.40000000000001,5,895.2000000000001,732.60000000000003,28,33.718823780000002
158.40000000000001,0,194.90000000000001,219.7,11,897.7000000000001,712.9,28,8.536402356
150.7,0,185.30000000000002,166.7,15.6,1074.5,678,28,13.461329424000001
272.60000000000003,0,89.6,198.7,10.6,931.3,762.2000000000001,28,32.245413568000004
149,117.6,91.700000000000003,182.90000000000001,7.1,953.4,780.3,28,23.524231644000001
143,169.40000000000001,142.7,190.7,8.400000000000001,967.4,643.5,28,29.726068263999995
259.9,100.6,78.40000000000001,170.6,10.400000000000001,935.7000000000001,762.9,28,49.77327244
312.9,160.5,0,177.6,9.6,916.60000000000003,759.5,28,52.446370892
284,119.70000000000001,0,168.30000000000002,7.2000000000000002,970.4,794.2000000000001,28,40.934879596000002
336.5,0,0,181.90000000000001,3.4,985.8,816.8,28,44.868340176000004
144.80000000000002,0,133.6,180.80000000000002,11.1,979.5,811.5,28,13.202086448
150,236.80000000000002,0,173.80000000000002,11.900000000000001,1069.3,674.8,28,37.431652039999996
143.7,170.2,132.6,191.6,8.5,814.10000000000003,805.3,28,29.870858223999996
330.5,169.6,0,194.90000000000001,8.1,811,802.3,28,56.619079643999996
154.80000000000002,0,142.80000000000002,193.30000000000002,9.1,1047.4000000000001,696.7000000000001,28,12.459520796
154.80000000000002,183.40000000000001,0,193.30000000000002,9.1,877.2000000000001,867.7000000000001,28,23.786922000000001
134.7,0,165.7,180.2,10,961,804.9,28,13.293786756
266.2,112.3,87.5,177.90000000000001,10.400000000000001,909.7000000000001,744.5,28,39.421479776
314,145.30000000000002,113.20000000000001,178.90000000000001,8,869.10000000000003,690.2000000000001,28,46.234192132
312.7,144.7,0,127.3,8,999.7000000000001,822.2000000000001,28,44.523602176000005
145.7,172.6,0,181.90000000000001,3.4,985.8,816.8,28,23.744174488
143.80000000000002,136.30000000000002,106.20000000000001,178.1,7.5,941.5,774.3,28,26.147687824
148.1,0,182.1,181.40000000000001,15,838.9,884.3,28,15.526310044000001
277,116.8,91,190.6,7,946.5,665.60000000000003,28,43.57833058
298.10000000000003,0,107.5,163.6,12.800000000000001,953.2000000000001,784,28,35.865852043999994
313.30000000000002,145,0,178.5,8,1001.9,688.7000000000001,28,41.053469468000003
155.2,183.90000000000001,143.2,193.80000000000002,9.2,879.60000000000003,698.5,28,28.991086848000002
289,133.7,0,194.90000000000001,5.5,924.10000000000003,760.10000000000003,28,46.247292176000002
147.80000000000002,175.1,0,171.2,2.2000000000000002,1000,828.5,28,26.922658848000002
145.40000000000001,0,178.90000000000001,201.7,7.8,824,868.7000000000001,28,10.535882756
312.7,0,0,178.1,8,999.7000000000001,822.2000000000001,28,25.10382116
136.40000000000001,161.6,125.8,171.6,10.400000000000001,922.60000000000003,764.4,28,29.073134491999998
154.80000000000002,0,142.80000000000002,193.30000000000002,9.1,877.2000000000001,867.7000000000001,28,9.738159024
255.30000000000002,98.8,77,188.6,6.5,919,749.3,28,33.798802996
272.80000000000002,105.1,81.8,209.7,9,904,679.7000000000001,28,37.171030112
162,190.1,148.1,178.80000000000002,18.800000000000001,838.10000000000003,741.4,28,33.762260768
153.6,144.2,112.3,220.1,10.1,923.2000000000001,657.9,28,16.503987012
146.5,114.6,89.3,201.90000000000001,8.800000000000001,860,829.5,28,19.987909240000001
151.80000000000002,178.1,138.7,167.5,18.300000000000001,944,694.60000000000003,28,36.349864196
309.9,142.80000000000002,111.20000000000001,167.80000000000002,22.100000000000002,913.9,651.2000000000001,28,38.215586251999995
143.6,0,174.90000000000001,158.40000000000001,17.9,942.7000000000001,844.5,28,15.423578120000001
303.60000000000003,139.90000000000001,0,213.5,6.2000000000000002,895.5,722.5,28,33.419591196
374.30000000000002,0,0,190.2,6.7000000000000002,1013.2000000000001,730.4,28,39.056057496000002
158.6,148.90000000000001,116,175.1,15,953.3,719.7000000000001,28,27.681082448000002
152.6,238.7,0,200,6.3,1001.8,683.9,28,26.859916531999997
310,142.80000000000002,0,167.90000000000001,10,914.3,804,28,45.304778483999997
304.80000000000002,0,99.6,196,9.800000000000001,959.4,705.2000000000001,28,30.123206440000001
150.90000000000001,0,183.90000000000001,166.6,11.6,991.2000000000001,772.2000000000001,28,15.569747031999999
141.90000000000001,166.6,129.7,173.5,10.900000000000001,882.60000000000003,785.3,28,44.611855103999993
297.80000000000002,137.2,106.90000000000001,201.30000000000002,6,878.4,655.3,28,53.524711356
321.30000000000002,164.2,0,190.5,4.6,870,774,28,57.218234287999991
366,187,0,191.30000000000002,6.6,824.3,756.9,28,65.909079268
279.80000000000002,128.90000000000001,100.40000000000001,172.40000000000001,9.5,825.10000000000003,804.9,28,52.826961643999994
252.1,97.1,75.6,193.80000000000002,8.300000000000001,835.5,821.4,28,33.399596392
164.6,0,150.40000000000001,181.6,11.7,1023.3,728.9,28,18.033934256
155.6,243.5,0,180.30000000000002,10.7,1022,697.7000000000001,28,37.363393916
160.2,188,146.40000000000001,203.2,11.300000000000001,828.7000000000001,709.7000000000001,28,35.314271244
298.10000000000003,0,107,186.40000000000001,6.1,879,815.2000000000001,28,42.6440906
317.9,0,126.5,209.7,5.7000000000000002,860.5,736.60000000000003,28,40.062002979999996
287.30000000000002,120.5,93.90000000000001,187.6,9.2,904.4,695.9,28,43.798273423999995
325.60000000000003,166.40000000000001,0,174,8.900000000000001,881.60000000000003,790,28,61.235810940000001
355.9,0,141.6,193.30000000000002,11,801.4,778.4,28,40.8686899
132,206.5,160.90000000000001,178.90000000000001,5.5,866.9,735.60000000000003,28,33.306517131999997
322.5,148.6,0,185.80000000000002,8.5,951,709.5,28,52.426376088
164.2,0,200.1,181.2,12.6,849.3,846,28,15.091250688000001
313.80000000000002,0,112.6,169.90000000000001,10.1,925.3,782.9,28,38.461039708000002
321.4,0,127.90000000000001,182.5,11.5,870.10000000000003,779.7000000000001,28,37.265488323999997
139.7,163.90000000000001,127.70000000000001,236.7,5.8,868.60000000000003,655.60000000000003,28,35.225328839999996
288.4,121,0,177.40000000000001,7,907.9,829.5,28,42.140083643999994
298.2,0,107,209.7,11.1,879.60000000000003,744.2000000000001,28,31.875164956000003
264.5,111,86.5,195.5,5.9000000000000004,832.60000000000003,790.4,28,41.542307951999995
159.80000000000002,250,0,168.40000000000001,12.2,1049.3,688.2000000000001,28,39.455953576
166,259.7,0,183.2,12.7,858.8,826.8,28,37.917043144
276.4,116,90.3,179.6,8.900000000000001,870.10000000000003,768.3,28,44.284354003999994
322.2,0,115.6,196,10.400000000000001,817.9,813.4,28,31.178794196000002
148.5,139.40000000000001,108.6,192.7,6.1,892.4,780,28,23.696600644000001
159.1,186.7,0,175.6,11.300000000000001,989.60000000000003,788.9,28,32.768036376000005
260.9,100.5,78.3,200.6,8.6,864.5,761.5,28,32.401235144
